Deal_title,Success_probability
TitleAD16O,62.64239999999999
TitleOW6CR,65.16199999999999
TitleVVJQ5,69.1562
TitleUS8NA,65.54660000000001
Title5VGWW,68.03849999999997
TitleE2WOK,65.49709999999999
Title8CF62,64.97080000000001
TitleF8687,62.799
TitleWNTYU,60.29589999999999
TitleXK47X,63.361200000000025
Title2QCON,65.71100000000004
TitleR9W92,67.81589999999997
TitleY5USZ,64.73440000000004
TitleY4MJP,65.54890000000002
Title1W8YF,66.13580000000003
Title9HII9,66.2107
Title725I7,64.3057
TitleTB8A9,65.18270000000001
Title9CM6M,65.6042
Title2ATAG,62.0894
TitleAKV0K,69.33630000000004
Title40AN7,66.98190000000005
TitleQC654,68.42209999999999
TitleDYIL3,61.34490000000002
TitleEX1S3,68.6322
TitleAMLDL,69.62110000000001
TitleQH7E7,62.8663
TitleT52E7,67.4439
TitleTGRSX,68.2868
TitleNL1RF,65.30000000000001
TitleXOLYB,65.43170000000003
Title6M0R1,64.17159999999998
TitleO3EA1,66.67540000000002
TitleDOHV2,61.80220000000001
TitleBZERW,64.75590000000001
TitleGD2UX,67.08730000000001
TitleWLHM9,66.6621
TitleKCOAN,65.67969999999998
TitleZLSEG,67.3016
TitleIJCLT,66.05810000000001
Title6TO0C,61.40540000000004
Title6G0HX,63.12150000000003
TitleOI849,61.59070000000001
TitleFOU96,66.37430000000003
Title1JMW2,65.1295
TitleEK2G5,63.21039999999999
TitleFCVZZ,64.85869999999997
TitleYWT9O,64.5943
TitleONFNK,62.978500000000025
TitleYBWHO,63.03370000000001
Title0ABZU,62.39390000000001
TitleRL0H9,61.62780000000001
Title7EQFB,65.24680000000001
Title4EV1D,66.82019999999997
TitleBGKH2,65.35190000000006
TitleDTP0Z,63.67669999999999
Title11K82,68.63940000000001
Title7VF6X,66.49540000000003
TitleQU2CO,67.73939999999997
Title64YS8,67.64240000000004
TitleFIM0Q,64.20539999999997
TitleCWEHX,61.34039999999999
Title92460,64.7204
TitleWJ99Y,63.80650000000002
TitleKRL1N,64.87599999999999
TitleL3YT1,63.66959999999998
Title38LJL,66.85970000000003
TitleH6EHH,62.93120000000001
Title85MTC,63.850300000000004
TitleKHY4R,62.59519999999998
TitleVSLNT,65.84479999999999
Title87H8W,66.10390000000004
TitleF6Y3O,66.3001
TitleARV9A,64.18879999999999
TitleNOVXO,65.43269999999998
TitleB9BV2,67.26239999999999
TitleBJ1RG,65.52459999999998
TitleCEJAA,65.80779999999997
Title6IXFW,68.6993
TitleMMMJ8,65.78040000000006
TitleS2KHC,65.51920000000003
TitleBQCK8,65.50260000000003
Title49KAE,65.5624
TitleI75WO,62.71169999999999
Title89CC9,65.38429999999998
TitleQH1LB,66.10330000000005
TitleO4EZA,60.45190000000002
Title29I32,63.485
TitleQS6HG,65.3504
Title3X354,65.9794
Title7O1LX,65.80650000000001
TitleTL3RY,67.52019999999997
TitleGNLFA,64.42399999999999
Title2LWRP,62.2878
TitleASNW8,66.38260000000002
Title17AXX,65.18170000000003
Title1ZNU8,64.22660000000005
TitleI91SM,61.817800000000005
TitleT3O89,64.72400000000003
Title7SN4U,66.19770000000003
TitleXTN7N,68.3711
Title60US8,63.72490000000002
TitleHQHV8,60.7409
TitleKRERU,66.96549999999999
Title2LMSH,64.1799
TitleRUNZZ,62.29589999999999
TitleNWNCQ,66.1152
TitleX4XVX,63.997400000000056
TitleZZ8C4,66.2272
Title40VOT,65.24690000000001
TitleVJE93,63.46610000000001
TitleT6IFU,61.394699999999965
TitleJTB5C,68.26200000000004
TitleP27G5,69.61850000000003
Title9MOY9,66.1339
TitleL2MIQ,63.25250000000001
Title4C0R3,66.75929999999998
Title9M68F,58.65680000000001
TitleTV4EP,64.75269999999998
TitleGRQSE,62.67780000000004
Title66KV3,67.76069999999999
TitleZGL83,65.28800000000001
TitleDXX1I,66.146
TitleJEC3R,65.4473
TitleJ86PA,65.76069999999996
TitleY63E7,68.55669999999999
TitleTIZWH,67.62329999999999
Title8Q2VE,63.468900000000005
TitleU4TJJ,65.379
Title3DJSM,66.52680000000001
TitleQK0GK,60.824499999999965
Title1RJEO,63.53490000000001
TitleQLAAT,63.48139999999998
TitleE5SMZ,67.12900000000002
TitleBCI7X,67.56640000000004
TitleEJ8QG,67.5448
TitleF952N,64.83339999999998
TitleTSFVY,66.40470000000003
TitleMDHHH,60.28989999999998
TitleRHKWU,62.19000000000002
Title5FQ2D,66.1063
TitleC9DTF,63.8835
TitleMNACX,65.7157
Title3HAQN,67.62060000000001
TitleVZ77S,61.87229999999999
Title9XK7J,64.3867
TitleXAZ58,65.84779999999999
Title5AVS8,63.12780000000004
Title2GZ5L,67.34150000000004
TitleQVCQO,66.66699999999997
TitleQU41K,63.4473
TitleMSQ29,64.55039999999998
TitleGF3AR,64.64130000000004
TitleM1Y03,60.87399999999997
TitleO050D,64.18620000000001
TitleMY1JL,63.83210000000002
TitleHR6TI,64.15549999999999
TitleQYD01,63.22060000000001
TitleDTQVL,69.29320000000001
TitleL0TYU,65.55730000000004
TitleCBNHL,61.128900000000016
TitleKU2HW,63.51219999999996
TitleVLF3R,62.821399999999976
Title8ZAVN,63.32019999999998
TitleZQS1N,66.75640000000003
Title6RJPI,64.68970000000002
TitleFITS4,67.01360000000004
TitleH7DCS,66.4447
TitleW6KGP,68.04889999999997
TitleB19A4,63.200900000000026
Title3K0H0,65.92750000000002
TitleQETZZ,64.32100000000001
TitleMMOKL,68.32510000000002
TitleVB7TN,64.4588
TitleP31A3,68.25229999999998
Title84WTP,64.48429999999998
Title8O71H,63.98740000000002
TitleEOOL3,61.30570000000001
TitleSL7PN,63.658799999999985
TitleNNMNX,70.09530000000001
Title94T7J,64.7192
Title5TW58,65.4033
TitleFSOQQ,67.18140000000002
Title3U0Q9,66.73760000000003
Title5TU5S,64.39349999999999
TitleZ0JY8,62.33140000000003
TitleTXY8Q,64.02299999999994
TitleVFIT3,68.2097
Title7U9QA,67.82480000000004
TitleYQ0XO,65.82410000000003
Title7MGIZ,64.62879999999996
Title9072O,62.824499999999986
TitlePIGTN,62.2448
TitleN0MYB,64.37809999999999
TitleRIWZ8,67.97940000000001
TitleZIGTQ,69.04360000000003
TitleTW439,63.741449999999986
TitleUIT6V,63.61320000000001
TitleR6XH3,66.71609999999997
Title58R3H,63.50569999999997
TitleDEBAJ,63.64380000000003
TitleQZ64P,63.11489999999999
TitlePR1PN,66.12140000000001
Title482NU,63.27420000000001
TitleGZLAP,66.83369999999998
TitleS9B92,70.5262
TitleY95FX,66.58910000000003
TitleFMC0D,61.90769999999998
TitleI0INY,67.906
Title0GAJI,68.02440000000003
Title6LA9P,67.28880000000001
TitleKILVF,66.59730000000005
TitleAITZX,66.5262
TitleL6A1J,63.636299999999984
TitleCYT9J,63.072800000000015
TitleDST6L,68.76660000000001
Title6BNFS,63.13279999999999
TitleXAPT4,65.31079999999999
TitleHJ3WF,67.11449999999999
TitleNDJ2A,65.39150000000001
TitleYYGY8,64.97060000000002
TitleCVP13,67.7906
TitleL7DS2,62.2862
TitleVO0MI,65.78809999999997
Title1QLMW,66.60960000000001
TitleAFWVU,66.809
TitleMQGXY,64.36829999999998
TitlePS05F,65.3298
TitleTBPD7,69.47540000000002
TitleSC6IH,63.03829999999999
TitleWMDY2,61.75080000000002
Title8AXHN,58.70349999999998
Title8WJ3G,64.5238
TitleSYQ3F,63.20470000000003
TitleF0S76,66.13080000000002
Title23FI5,61.4079
TitleYM00H,63.991100000000046
TitleV4Q21,64.4394
TitleZW3VH,63.64949999999997
TitleWTD4L,66.33689999999997
TitleHGN2A,64.2688
Title5NAK8,66.28850000000003
TitleAFWDD,64.59539999999998
TitleCVTAZ,63.67470000000001
Title6S2L6,66.25600000000003
TitleU7VJM,64.48900000000002
Title25JJZ,62.38039999999999
TitleU2OST,67.14920000000001
TitleZK1N8,66.9876
TitlePJS42,63.66730000000001
TitleT2N5V,65.97959999999999
Title2WV7J,67.44019999999999
TitleFAB82,62.46240000000003
TitleUP3M1,67.90220000000004
TitleT2JNN,61.13640000000002
TitleCLQNO,65.2042
Title9R03I,63.355300000000014
Title07QDY,65.63699999999999
Title2IVM3,61.99639999999999
TitleVP36Q,63.350699999999996
TitleK4XJS,61.05940000000001
Title4B9AT,63.916900000000034
TitleIKWWI,62.67190000000004
TitleGIP04,63.794900000000034
Title9PWR5,65.67569999999999
TitleFPMEZ,65.33270000000002
Title2I5M7,65.65619999999998
Title9R98H,62.72170000000003
Title0NIZP,64.80919999999999
TitleWNR0U,64.97389999999996
TitleAHKSJ,64.95250000000001
TitleJQHWZ,69.00610000000002
TitleY63MM,66.08290000000002
Title7R26O,66.04569999999994
TitleERLRI,68.7425
Title9DNDI,66.58910000000003
TitleN1GIT,63.34729999999999
TitleZHHGX,67.08109999999999
TitleILO9W,64.09580000000001
TitleV8J6I,63.16479999999999
Title6FUHU,68.11919999999999
TitleKU88H,66.27459999999999
TitleGWFWJ,68.62300000000003
TitleQUUJE,69.37240000000001
Title1CUT0,63.693100000000015
TitleRPEUI,64.71709999999996
TitleRWN0X,66.0649
Title2TB8F,66.4289
TitleJBP95,64.38170000000002
Title2EHEM,69.52450000000003
TitleJZ4ZZ,63.37489999999998
TitleUR93W,63.74600000000001
Title2EEYL,61.08339999999998
TitleQKKKC,63.658800000000014
TitleBV5KY,66.85729999999998
TitleYEHWZ,61.866899999999994
Title9GWVF,65.67509999999999
TitleLF6V7,65.64289999999997
TitleGEZF0,63.00699999999999
TitleLNVE2,66.78380000000004
TitleM0Z66,64.4723
Title0Z5ME,66.05540000000002
Title72FQJ,64.41499999999999
TitleRIG9O,61.21699999999998
TitleSNRHC,65.7874
TitleZYG49,66.7182
TitleL7PNT,64.25049999999999
TitleR0QR3,68.1683
Title853VR,70.72859999999999
TitleAHYGU,65.59520000000002
TitleUE5GI,65.48629999999999
TitleWQE72,65.93989999999997
TitleB3YJF,66.18570000000001
TitleP5WMY,61.720499999999966
TitleP1ICM,65.93839999999999
TitleKK5F9,65.0037
TitleMD7B7,62.098900000000015
Title6PDLX,67.8336
Title7KCK3,62.7304
TitleE82ZH,69.32400000000003
TitleSOLQY,64.75139999999998
TitleCQMFZ,62.55350000000002
TitleGMHJJ,66.51270000000002
TitleY3CTI,65.70610000000005
TitleE0F81,64.40589999999999
TitleZFA8I,64.97719999999998
TitleULSDL,67.8615
Title34CJS,67.52369999999998
TitleS9KBI,65.21270000000003
Title6CM5T,64.60660000000001
TitleLYI3U,63.413999999999994
Title38R86,67.0307
TitleS82G6,66.46990000000004
TitleSYV81,64.01769999999999
Title9UUQ3,67.03429999999996
TitleHMB3O,66.94359999999999
TitleBC20O,64.09440000000001
TitleYXY72,63.784900000000015
TitleV507Q,60.585600000000014
TitleD1JZI,60.58920000000001
Title0MNUW,68.53540000000001
TitleKSO5Y,66.64380000000003
TitleZ5ZLQ,64.3238
Title2M7AV,62.90430000000001
TitlePQYAC,64.45329999999997
TitleN5OC4,62.79210000000001
TitleG1V42,65.77720000000004
Title4M0M0,65.8729
TitleQBMS6,67.25730000000001
Title2LAUA,65.8288
Title0GLCX,65.06780000000005
Title72Y5L,63.98710000000001
TitleFCGPO,63.604100000000024
TitleOMYPK,66.34079999999999
TitleBZMHQ,66.28569999999998
Title3MF67,63.454700000000024
TitleJLN3N,63.233200000000004
Title881YW,66.92900000000004
TitleXH1PW,65.60750000000003
TitleKUO6X,66.00529999999999
TitleRVF5F,63.36319999999997
TitleFS6PM,66.42900000000004
TitleBLK74,64.2537
Title5SA8C,62.075300000000006
TitleQRM70,62.85914999999998
TitleD8SRX,66.25000000000004
Title30J3Q,68.83070000000004
TitleHD2QJ,67.4273
TitleSEOJC,67.25509999999997
TitleFWTDO,66.90330000000006
TitleTL45U,65.44280000000005
Title3CYSC,67.59359999999998
Title777LR,64.86780000000003
TitleJKMVS,61.18155000000001
Title5SU1I,66.00460000000002
Title7OAQB,67.3064
Title7JR4T,70.23660000000001
TitleOK4D6,61.27890000000003
TitleVWZ8U,63.28019999999999
Title2BFXG,65.17280000000001
TitleQA2XL,67.43670000000003
TitleCRJ51,62.77480000000004
TitleA1E4X,67.0203
TitleKDPSC,61.987400000000015
TitleQD7TQ,67.14960000000002
TitleTXY5O,63.85799999999998
TitleEG6MZ,66.9619
TitleS8CK2,67.63750000000002
TitleXDTHO,61.65729999999998
TitleY3QME,61.59889999999999
TitleSV0GA,67.1079
TitleXP7EA,62.07130000000001
TitleUUFCT,65.96719999999998
TitleFJN80,66.308
TitleNY5WX,67.18790000000004
TitleRJ1CV,63.65170000000001
TitleN40KU,64.62440000000004
Title8HF4L,63.52330000000003
TitleWTQHE,63.66819999999998
TitleJ8X0T,68.02950000000001
Title5WYGO,61.75260000000002
TitleOX8KK,64.1304
TitleZPRX1,66.90890000000003
TitleGRFOA,65.9588
TitleV587I,66.63170000000001
TitleKW46K,64.12290000000002
TitleZJ2K4,61.42629999999998
TitleEPO7G,65.68840000000003
Title4KC4G,60.26730000000002
TitleSQ1UX,66.8627
TitleXTSXA,63.854799999999976
TitleN9D7T,67.5562
Title3KSPR,65.81289999999998
TitleBSPVW,67.04460000000002
TitleIZBD7,63.430300000000024
TitleH7U28,67.6096
Title1OE44,65.0891
TitleVT583,62.48740000000005
TitlePLYZ7,62.34180000000001
Title5ELG8,68.13979999999992
Title6021C,64.00819999999996
TitleD6QWR,62.117799999999995
Title25DXW,67.12549999999999
TitleKQ4GN,64.11279999999996
Title212WI,70.08009999999999
TitleBLB0L,65.31540000000001
Title7D9HI,64.58029999999998
TitleEBE82,66.06169999999999
TitleV2GHR,65.67029999999995
TitleNEB47,68.51790000000004
TitleQKO2E,65.80119999999998
TitleC1EPZ,60.029900000000055
TitleW7GAO,67.28610000000005
Title4KKQU,63.17630000000002
Title62W3F,64.90790000000003
Title5P4GX,66.127
TitleXKYVF,62.3192
Title5P66J,66.61630000000002
Title1EE9R,67.45310000000003
TitleXVCR2,66.7673
TitleK44RW,63.2461
TitleDWYFP,67.09870000000002
Title35K93,66.83170000000007
TitleD6C58,62.8529
Title37QC6,65.28139999999998
TitleEJBN9,62.50659999999996
TitleID60J,66.23379999999999
Title5ZBJ5,67.0974
TitlePCO6B,63.4969
TitleM8580,66.865
TitleIAQL1,64.58710000000004
TitleWLCXK,62.243099999999956
Title5NO46,66.2136
TitleAI3PE,63.0457
TitlePCQZJ,62.717400000000005
TitleHMKTR,62.904299999999964
Title68F6W,68.10820000000001
Title2SOBE,61.638899999999985
Title6QIWC,63.74420000000003
TitleWO5WW,67.95529999999997
TitleJ6LKX,65.9627
TitleEEWU5,64.6894
TitleAX85X,64.16319999999997
Title443L5,71.0679
TitleQC1J3,67.63690000000001
TitleNUPCU,67.38660000000003
TitleGUX97,62.44180000000005
Title5I6VM,63.29300000000001
Title728I0,61.2644
Title96ZGF,64.68310000000002
TitleLU0NA,61.93939999999998
TitleEMAGD,69.15150000000003
Title9H3O7,66.15969999999999
TitleM3CS3,64.03659999999999
TitleP597Y,67.53740000000002
Title01DZ1,64.59520000000003
TitleLNNSR,62.52899999999999
TitleHOIHH,65.19789999999999
TitleGBS9Q,63.26760000000002
Title30FYE,65.53750000000001
Title2SUCH,65.34839999999998
TitleE9XI2,69.02240000000002
TitleDA82X,63.972400000000036
TitleYW8HR,62.8864
TitleJN6AI,67.50950000000003
TitleH2MWB,64.16739999999999
TitleYQVSH,65.39500000000001
TitleQRZJP,65.8541
Title24RUL,62.97639999999999
TitleCRE6X,64.8008
TitleR43PJ,66.41140000000003
TitleP2K1E,66.68710000000002
TitleAOBGF,67.72249999999998
TitleHBYUY,63.05630000000002
TitleEVCML,69.0879
TitleZFAPT,59.617500000000035
TitleYIUI7,64.9634
Title1FPQK,67.96910000000003
TitleUJWBW,64.99910000000004
TitleBJYR7,63.1074
Title8JTF1,63.827300000000015
TitleTZA49,62.5283
TitleT1B7R,65.70669999999998
TitleAM3CB,62.8171
TitleWO5ED,65.1385
Title2TMWH,63.70290000000003
Title06VRW,68.4565
TitleYV0UP,67.76580000000001
TitleO4V34,67.94530000000003
TitleFKSK0,66.43870000000001
TitleNEH76,67.05380000000005
TitleAVXZC,61.865800000000014
TitleV60DG,65.9065
TitleUTZ31,67.668
TitleC2PWK,68.38069999999999
TitleE4HGA,63.45340000000004
TitleS3ZB0,68.74969999999999
TitleIP9KH,64.01610000000002
TitleCGSRD,65.55639999999998
Title5QXSN,67.6492
Title5Y2T3,65.05199999999999
TitleWD6V4,65.96430000000005
TitleXFC6B,67.30860000000001
TitleG41PJ,63.05520000000004
Title8I7VJ,64.41999999999999
TitleCIF2Z,66.3592
Title3V4QG,62.737000000000016
Title73XMP,66.1191
TitleQLI7E,66.13450000000003
TitleQ7I7W,65.73880000000003
TitleJ4DQW,63.07680000000001
TitleKSVLN,63.039249999999974
Title6MJU4,62.296799999999976
TitleAYMCE,59.446099999999994
Title043KJ,65.1168
TitleS0GE1,70.20279999999997
TitleZNARU,65.54460000000003
Title2PJZB,67.85820000000002
TitleP0GZJ,65.9752
Title38AOP,66.0241
Title2FI5G,63.29889999999998
TitleYMGMA,66.30409999999998
TitleAWKNH,66.5463
Title5UDJC,63.66290000000003
Title8O4SI,68.9386
TitleQAJYO,65.49679999999998
TitleV0DBN,62.624
TitleVZPED,63.27140000000002
TitleO1AYG,65.14070000000001
Title5P39E,66.08720000000001
Title108RD,65.42479999999996
Title1HV11,62.197400000000016
TitleREAXR,68.33280000000003
TitleYHGTP,63.0327
Title1FBD5,61.890999999999984
TitleXIV7E,64.44890000000001
TitleHBD7W,66.8542
TitleSNRI6,65.2433
TitleJNM2W,67.28919999999998
TitleLT4SL,65.64460000000001
TitleAXAZF,61.928200000000004
TitleZWBNC,67.00919999999998
TitleQJ4WL,62.47740000000002
TitleCR7DT,61.05949999999995
Title3NIBO,65.735
TitleZL24H,65.70910000000002
TitleFQSKJ,68.84779999999999
TitleBNU2C,66.8639
TitleKD877,63.26139999999999
TitleFQJXF,66.76270000000002
Title64GLO,64.60799999999999
TitleMSE5Y,65.75419999999997
TitleQZ49S,62.08130000000001
TitleJ4L5V,66.77450000000003
TitleFNW5B,65.2887
TitleF9B29,62.78829999999998
TitleS1YFA,66.92259999999997
TitleHRIXA,68.53250000000001
TitleQ6MXK,66.43220000000005
TitleSUBDW,63.709300000000006
Title83RZD,64.9136
TitleUZ1WK,64.9197
TitleFXCG1,62.15489999999999
TitleGB31Y,61.5175
Title4V7DH,64.6248
TitleXKJOO,67.26120000000003
TitleL4PKX,66.0982
TitleXJ4U2,65.65090000000004
TitleF5WUU,64.2819
TitleCXS2J,66.37459999999999
Title3E422,68.38030000000003
TitleSA53I,66.35999999999996
Title4TW3L,61.57849999999999
Title2JPQN,65.98740000000002
TitleVGL10,62.16090000000001
TitleC0Z97,64.36790000000002
TitleZWGTT,66.72530000000002
TitleHRY59,63.847400000000036
TitleCA0PS,68.73589999999999
Title92JV6,63.46759999999997
Title921U4,63.37339999999999
TitleEE9YB,65.81029999999998
TitleUXYL0,63.76559999999999
TitleU6AP7,65.08140000000003
TitleEMRKZ,65.43679999999998
TitleIR8CL,65.91840000000002
TitleDR4D4,71.27220000000003
TitleI7MHB,66.7488
TitleJYDUH,67.21930000000002
TitleOOHW2,65.56440000000003
TitleAA0K2,63.14989999999998
TitleQI6S3,59.915499999999966
TitleEN5WF,62.47219999999999
TitleASAWY,65.0785
Title0XG83,61.059799999999996
Title7R23W,62.94559999999997
TitleWHX4L,61.82160000000001
Title1ER2Y,65.67670000000003
Title9VTVJ,62.80879999999998
TitleWRVN0,63.85840000000001
TitleN0LUE,68.06660000000002
TitleYXVMN,62.13620000000001
TitleQ0LPL,64.66190000000005
Title56GMA,65.62850000000002
TitleLI03A,65.49900000000001
TitleWZ253,67.66229999999997
TitleLXK51,65.92390000000002
TitleDGNUU,62.65850000000003
TitleMQ41O,62.4353
Title25ZKS,64.49970000000003
TitleNR8HN,62.732699999999994
TitleCPVCW,64.0196
Title8KABP,67.87019999999995
TitleIMHXK,67.3379
Title7HHOZ,65.72290000000002
TitleMGECQ,65.7638
TitleOQU6Q,62.9063
Title3T8Q8,64.79960000000004
TitleH4R55,65.12844999999997
TitleJ69RU,65.0056
TitleC7RYX,65.38899999999998
TitleURF8X,62.47890000000001
TitleJLQ0Y,67.18754999999996
TitleSZL62,64.96499999999997
TitleKP3U7,61.280299999999954
TitleTRE3S,63.40119999999999
TitleN6F2A,66.84620000000001
Title4LFA1,67.23079999999999
TitleNU02U,67.08009999999999
TitleZFXCP,63.39580000000001
TitleMMAZY,63.42039999999998
TitleYNGW5,60.59049999999999
TitleMMDN8,62.94609999999997
TitleJJOCR,63.625499999999995
TitleISH2D,65.4662
Title6OWJL,66.76020000000001
TitleJE4O9,63.29220000000001
Title3Q4OR,61.261899999999976
TitleH0UQK,62.699600000000004
Title5LQOQ,66.79469999999996
TitlePN59V,60.97800000000003
TitleAIMZ4,65.15180000000004
TitleR0HQW,63.229199999999985
Title86L33,66.02590000000002
TitleN7R4T,63.467800000000004
TitleMAO9L,66.78320000000001
TitleY6XA5,64.43050000000002
TitleI8ERD,65.27810000000001
TitleUJYEL,66.25820000000003
TitleKYSRZ,66.43250000000003
Title7RZD6,61.98609999999999
TitleOVNNA,65.49689999999998
TitleXCW6I,65.49950000000001
TitleC700S,67.57870000000001
TitleTV7P4,64.57470000000002
TitleRQ5OT,66.7268
TitleU6ACG,67.35220000000005
TitleP1WHY,66.8875
TitleAJ8XX,69.28129999999993
TitleX99W6,61.6045
TitleY1SAV,66.2674
TitleID0JM,63.99790000000004
TitleLFI9R,66.6783
TitleQ7FOO,65.50310000000002
TitleYLBWY,67.4646
Title8SPUR,63.7019
Title9HRQL,63.58960000000001
TitleUHPKX,67.97930000000005
TitleBLUPD,61.659399999999984
TitleS73N4,63.49729999999999
TitleLHPZC,62.72770000000004
TitleKXZVP,63.29270000000001
TitleQ8ZJ5,63.887999999999984
TitleVQ58V,66.71090000000002
TitleRCGOM,62.68960000000001
Title205FL,62.17620000000001
TitleQ0JJA,65.44870000000003
TitleNKJ1P,66.57820000000002
TitleDL5RK,64.6053
TitleDXHHB,68.86350000000007
Title1HO0Y,69.944
TitleR0GBY,62.52380000000001
TitleGW5DY,65.3114
TitleZ6KT9,63.60490000000001
TitleA5BKG,65.89270000000002
TitlePSZTQ,66.83779999999997
Title3VAP1,64.90329999999996
TitleULTS1,63.32430000000003
Title280ZR,66.56309999999999
TitleW4DV8,63.156600000000026
Title0GAD5,63.349200000000046
Title1N8A6,63.07480000000001
TitleFLH8A,65.7404
TitleH23CM,65.2999
TitleT269F,64.97130000000004
TitleR5U46,63.822699999999976
TitleZEREP,66.41459999999998
Title7HJF4,63.407199999999946
Title8PQZL,64.09630000000003
TitleEGIZM,67.28479999999999
Title408P2,64.17510000000001
Title8GRU3,63.152599999999964
TitleW1T1J,61.72409999999999
TitleJISI6,61.562799999999996
TitlePCZK5,64.69460000000001
TitleR6W9K,65.45219999999999
TitleS398A,61.1725
Title3O3Z7,65.99470000000001
Title76D08,69.8457
TitleNXYVG,62.98120000000001
Title1ZANJ,62.83369999999997
TitleY3W82,62.78300000000003
TitleY7YHY,63.24370000000002
TitleXX8MH,64.93289999999998
TitleUO1RJ,65.51629999999999
TitleW91AR,65.90509999999999
TitleXTQNO,65.2947
TitleKY5CH,63.057499999999976
TitleK5PA7,67.02789999999999
TitleMNYZG,64.00300000000001
TitleFZWCL,66.15309999999998
TitleRTETD,62.98039999999998
TitleRM0AT,62.34729999999996
TitleF2I93,63.3472
TitleCGK0T,62.3231
TitleLDY20,65.55060000000002
TitleG7ASQ,67.10780000000004
TitleQ0LC9,65.43280000000003
Title6F1QJ,68.86130000000001
TitleNV8HX,63.59430000000001
Title5RB1Y,67.17610000000002
TitleZFZU0,64.6485
TitleSV3V8,65.3408
TitleQ0D4D,62.12460000000003
Title1N86W,66.844
Title96N3Z,67.4624
TitleM1RQ5,66.06259999999997
TitleFZ9P9,63.79470000000002
Title5TEF6,65.63230000000001
Title2JDEQ,66.2152
TitleDT2SJ,68.12970000000001
TitleUH7UE,63.13539999999999
TitleX8GD0,64.76180000000002
Title39FPS,63.78379999999999
Title41VTG,61.843900000000005
TitleGM3Q4,66.8333
TitleJG6EE,62.04339999999996
TitleB59S5,66.98790000000001
TitleM5YGV,61.753799999999984
TitleRDY6Q,62.17319999999995
Title2DZSU,65.96580000000003
TitleQ6AE6,64.88629999999998
TitleXF7WO,64.51750000000004
TitleQUNLH,67.23500000000004
Title3XAGQ,68.3757
TitleTJYTM,70.00220000000002
TitleMXYD9,61.31590000000001
TitleZVEUN,66.61830000000002
Title6I28C,69.18370000000006
TitleJVPCM,60.80309999999999
TitleKMH84,68.17350000000002
TitleUZH7Y,66.46870000000001
TitleJT4D6,62.10980000000002
TitleO6I2Z,64.69109999999999
TitleKJW77,62.67289999999994
TitleIS8WY,62.30440000000001
TitleDBU52,64.99930000000003
TitleX53DD,62.83730000000004
Title2U4U7,66.99239999999999
TitleFIMG6,65.25110000000001
Title84QHN,70.64099999999998
TitleL1CUK,67.67530000000002
TitleCKTYO,66.0432
TitleA3J06,65.92499999999997
TitleSA5JQ,65.92809999999999
TitleVTIQ0,62.50939999999997
Title20LYN,61.0485
TitleLYJHC,68.12060000000002
Title79OW9,62.59529999999999
TitleVDS21,67.602
TitleL2JEW,64.1798
Title91TMK,70.14010000000003
TitleNQ6UW,67.62530000000001
TitleFZGVV,61.69429999999997
TitleRJCDZ,62.58820000000001
TitleHHBDW,66.76490000000001
TitleSRVI6,66.90150000000001
TitleBKT65,63.40199999999999
TitleVG340,60.93689999999999
TitleJ7HCY,63.43039999999996
TitleZ96R8,64.72320000000002
Title4WUD8,63.039300000000004
Title2BP97,63.24720000000005
TitleD1HSV,66.27960000000002
TitleC2UUJ,61.76540000000001
Title9G7Z7,65.90739999999997
TitleI1KEN,65.78129999999999
TitleKPLT4,62.306800000000024
Title4ZWP5,65.3002
TitleBS0WL,64.31439999999999
TitleKKWCA,62.16029999999997
Title0FU5S,65.15570000000001
TitleE0KRJ,66.32970000000003
TitleVVRFD,63.1326
TitleHT658,66.31070000000004
Title852B3,64.31000000000002
TitleUXIF0,64.86190000000003
Title9JWRB,67.41579999999999
Title8UR96,62.72740000000001
TitleZ7KJ0,61.42439999999997
Title8FJ5H,61.489400000000025
TitleHH06V,64.96430000000004
Title9I3T6,65.33059999999999
TitleF8HC1,63.91080000000002
TitleON8DS,66.03320000000005
TitleSAZ3H,64.01170000000002
TitleDYABC,65.66330000000004
TitleW88NY,64.27390000000001
Title82CIH,63.237899999999996
TitleO56QD,62.59089999999999
Title3MLCN,65.49629999999998
Title7UY6H,65.7182
TitleDNR3M,66.21130000000002
Title7B6CX,65.71910000000004
Title07MM6,65.33780000000003
TitleI9IAV,67.93799999999999
TitleYK4LF,66.15370000000001
TitleBQUYG,64.57580000000003
TitleRV8BW,64.49200000000003
Title5ITDB,66.39710000000004
TitleW76GX,65.7134
TitleB729Z,66.74620000000002
Title6YTWX,68.37060000000002
TitleQ8BFC,64.90559999999999
TitleV27SW,65.1515
TitleLDP9Z,65.51800000000001
Title54BZJ,64.81040000000002
TitleK9D3B,64.30080000000004
TitleAAQG7,63.64259999999999
Title2WVH7,66.57809999999999
TitleQMG6A,62.2052
TitleOHTAM,66.25640000000003
TitleV03GG,62.132600000000046
TitleWSZ3T,65.09069999999997
TitleAVXHK,62.616899999999994
TitleVTXCA,63.6229
Title7941F,66.34140000000004
TitleT93VF,63.0527
TitleED8J4,63.6357
TitleBNIB0,64.00509999999998
Title8L2FQ,64.04640000000003
Title013WA,66.13459999999998
Title6U8JD,64.48290000000001
TitleIZ79K,63.64130000000001
Title5PLDW,61.9599
TitleXUBFQ,62.77170000000002
TitleXQ02F,67.76630000000004
TitleA12R8,66.72950000000006
Title2CV9B,62.78500000000001
TitleU8E3D,63.06270000000001
Title9PCE2,70.24140000000006
TitleP0FXZ,63.93740000000003
TitleCFQ3K,67.40830000000001
TitleMGDZ8,65.3807
TitleIG909,66.02810000000001
Title6JM16,64.37509999999999
TitleAGWZH,63.8112
Title5DKVV,67.91240000000002
TitleFFUCT,63.90010000000002
TitleGV7XI,66.31630000000004
TitleZL409,66.21879999999997
Title31RSX,62.55480000000003
Title3JEMA,66.63880000000002
TitleZB5U0,63.2197
TitleM109I,63.40919999999996
TitleU7WEV,64.87189999999995
TitleO3PQQ,62.0408
TitleVDD91,64.4767
TitleOJV2K,61.55829999999998
TitlePLWWG,65.03430000000002
TitleBCQIN,63.159400000000026
TitlePKRME,63.810199999999966
Title9IF16,65.8894
TitleNFJJ0,65.9531
TitleS0ZXM,64.84840000000003
TitleVHI07,65.26079999999997
TitleI6DYI,63.03979999999998
TitleZQRIZ,65.88860000000001
Title7APVX,64.4445
TitleHFKTG,65.41409999999998
TitleGUFXV,68.64990000000003
TitleN3VPE,63.79310000000003
Title31RKT,67.3358
TitleY0HVR,57.809500000000014
TitlePQ5SJ,60.93350000000001
TitleWJZHU,63.56770000000002
TitleM49YE,64.76350000000001
TitleUMLYA,65.18920000000001
Title9BHDG,63.20429999999996
TitleBSAAD,66.34300000000003
TitleE0CW3,63.82869999999999
Title73ZNE,67.14830000000003
TitleXZSVX,67.49700000000003
TitleTBE5E,67.46400000000001
TitleXNL80,65.9785
TitleJSMS5,60.477499999999964
TitleQ9F4N,62.20249999999998
Title3PIBO,65.36959999999999
Title9NZL7,66.33650000000004
Title7IIH3,64.05829999999997
Title57ZHD,62.97889999999998
TitleM217C,63.15489999999998
TitleEDOCD,67.94050000000003
TitleMEH6X,64.5549
TitleDUQ23,62.72100000000001
TitleDJKZD,67.42780000000002
TitleK3CB0,61.023500000000006
TitleQDGJS,67.01270000000004
TitleT4ZWO,61.72349999999997
TitleE38OK,62.46059999999999
TitleSQBLU,64.67869999999998
TitleLPIH0,61.19980000000001
TitleEH1XB,63.27819999999999
Title9LMWD,65.7203
TitleIY4JP,70.9549
Title32BHO,66.92999999999998
TitleWRFTS,66.059
Title6R8YY,62.614299999999986
TitleR4LB9,63.00649999999998
TitleE1AWV,65.27870000000001
TitleH7YB1,63.79839999999999
Title719HX,64.67779999999999
TitleESQPM,66.10680000000004
TitleOZOUT,66.33220000000001
TitleXKOLD,64.8585
Title4ZA24,69.90680000000005
TitleLQHNU,69.34720000000004
TitleY9IG8,62.493399999999994
TitleT6ISM,67.17090000000003
TitleA6121,65.3553
Title375P6,67.53990000000002
Title0I86K,66.207
TitleVIVN9,68.47889999999998
TitleOWJAW,64.7292
TitleBBMUM,66.67510000000004
Title9VFH9,66.79830000000001
TitleR11CX,64.21140000000001
Title82DQ7,63.56780000000003
TitleIVLS7,70.2554
TitleVZIVX,64.47470000000003
TitleMREEV,66.5294
TitleZLTMX,66.71539999999999
Title1KYR7,63.602699999999984
TitleO0AIE,67.36290000000001
TitleBE5HO,63.439699999999995
Title85EPD,59.6149
TitleUAJOX,70.8764
TitleKXLZ1,66.2408
Title6SVNM,65.9471
TitleIJNJZ,65.30250000000002
Title9ZE5W,65.78360000000002
TitleMPJT7,66.87809999999999
Title9A9O6,66.31020000000001
TitleIU0LO,68.21560000000001
TitleVAKQY,67.15520000000004
Title2K1OA,65.42189999999997
Title72SUU,66.3389
TitleH1PWT,67.21339999999998
TitleQY76J,65.06750000000001
TitleKDURS,64.57799999999999
TitleZA3HK,67.64009999999999
TitleYAU4L,66.38780000000001
TitleCYJDK,65.48019999999997
TitleKANYG,62.43540000000003
Title1HQYD,66.0152
TitleZTMJJ,66.36540000000005
Title1L5SN,64.3365
TitleZ5ZYD,67.38160000000002
Title6TYUI,67.81860000000003
TitleBHSPR,66.14020000000002
Title4B3IC,67.03519999999999
TitleH13PD,68.8656
Title9V62Y,63.63769999999997
TitleSAMZQ,62.4604
TitleQALDY,66.16240000000005
Title87TBE,70.02550000000002
TitleAWG5Y,63.782700000000006
TitleYKL1L,64.30740000000003
TitleUXOC3,62.38100000000002
TitleLRKK5,63.64170000000003
Title5IV1R,66.25169999999999
TitleRSLKR,65.38339999999997
TitleNYKLA,62.6017
TitleXU29Q,67.5019
TitleXWKBQ,64.42070000000002
TitleLPACI,65.41419999999997
TitleR9F1M,64.86850000000001
TitleQHTDD,63.0279
Title4FRC1,62.431
TitleY1IDY,68.02100000000002
Title9RQ55,65.56060000000001
TitleZHCIX,64.1817
TitleOCI7Q,62.98130000000002
TitlePN8Q4,64.3453
TitleAULBR,68.90629999999999
TitleHVKUX,66.96849999999999
TitleMF27R,63.063299999999984
TitleEEMZV,65.77149999999999
Title0DBE8,65.04089999999998
TitleDKL6N,67.45300000000006
TitleK5NCL,63.5078
Title6HL1Y,65.44299999999997
Title9JHMK,63.085499999999975
TitleY9SAK,64.60229999999999
TitleEL816,62.67970000000003
TitleGBPVN,59.92839999999999
TitleBGCH2,62.91879999999999
TitleD338P,60.496999999999986
TitleESWIC,62.05969999999999
TitleHJOQV,65.8368
TitleOU3NF,66.7251
TitleRVK2Q,58.66339999999998
Title80F7S,62.83779999999996
TitleEP4N9,66.38360000000003
Title92JGX,65.76119999999999
TitleLKGP0,62.023399999999995
Title1T6W8,67.64869999999999
TitleUBYP7,65.7176
Title27VTQ,63.651199999999996
TitleUGIJV,67.40410000000001
TitleK9KZ8,64.68109999999999
TitleDE9J9,63.01200000000001
Title9BIKV,64.8526
TitleL4JQC,66.34870000000002
Title8X1FT,62.412299999999995
Title8XQ8J,63.00260000000001
TitleHDQKC,64.77870000000003
Title2NJU1,67.91730000000003
TitleJSQUT,62.66180000000002
TitleX0SS2,69.81010000000003
TitleO64ZW,67.35369999999999
TitleODYJX,62.636699999999976
TitleX2GH0,63.13170000000005
Title3R3GZ,69.73060000000004
TitleIPLGP,65.46080000000002
Title2ML34,62.792799999999986
Title9IOB9,67.86399999999999
Title9E343,65.95280000000004
Title3RKQV,63.323499999999996
TitleAEYIF,61.07000000000001
Title1ZZK6,65.57719999999998
Title9248W,66.26129999999996
TitleOTY4L,66.89430000000006
TitleNIEBG,66.79620000000004
TitleJ5RYP,66.1114
Title58W1F,64.0155
TitleJW6MX,60.995
Title1NU6J,64.4141
TitleAA8Q4,64.136
Title0ZIU0,64.31210000000002
TitleRWTCH,64.26
TitleZMHRB,64.4887
TitleTWH5D,66.20439999999998
TitleQ2TLG,64.37700000000005
TitleITK46,67.40280000000001
TitleR8ZKN,64.37330000000003
Title0UAXO,68.72400000000002
TitleM7ZNX,65.45009999999999
TitleUT7Z4,65.7935
Title2GENZ,64.65679999999999
TitleTOSC0,61.91989999999998
TitleN3HOJ,64.6063
TitleA9OBP,66.53780000000003
TitleX9YLI,66.0267
TitleRGN7H,64.06280000000002
TitleQ87RT,62.92320000000002
TitleG8IJX,66.30949999999999
TitleQ28IV,64.1812
Title2B84M,64.79039999999999
TitleHNM1N,65.45860000000002
TitleJ7ALN,63.73080000000004
Title1F9JY,66.69080000000001
TitleMLWOG,64.29180000000001
Title4KT4G,67.28630000000001
TitleSIYFQ,63.064899999999994
TitleKTRH7,65.22069999999998
Title4ZEAS,62.93920000000001
Title58LHK,64.3778
TitleCMDBW,68.86030000000004
TitleB05O6,66.68230000000003
Title2RBG8,66.5529
TitleZPMLT,64.8677
TitleNCT73,68.95780000000005
TitleRH0CG,66.0174
TitleM81TL,61.942800000000005
Title59KR5,59.917300000000004
TitleX5F33,62.715499999999984
Title177J6,64.32469999999999
Title48NBL,65.37740000000002
TitleAB617,62.962700000000005
Title2ASW6,63.374399999999966
TitleRY53W,65.96780000000001
TitleDO4IN,63.52629999999999
Title1IFKE,65.33470000000008
TitleK6SAM,61.9159
TitleHHZ3W,63.75879999999998
TitleZSO2H,68.96040000000005
TitleK5HUB,67.43460000000002
TitleQ2CQP,65.53579999999994
TitleP1P2T,64.00389999999999
TitleVAP78,65.80739999999997
Title1ZFZP,66.45380000000002
TitleLKNOQ,69.43970000000006
TitleF5M2L,65.71040000000002
TitleA3JWQ,63.677899999999994
TitleKLE8B,67.80590000000004
Title24VWF,65.62790000000004
TitleY8ZBM,63.692599999999985
Title9PULP,61.976200000000034
Title3NPEW,65.6759
Title91S6N,63.80760000000002
TitleLG9SG,62.73459999999999
TitleXFDU5,61.103500000000004
TitleAZCMZ,63.7479
TitleFNCL9,68.23600000000002
TitleZ71MW,66.8255
TitleYPV5U,63.57160000000003
Title0PFVJ,66.68290000000003
Title2J7WR,61.39549999999999
TitleF9TI2,64.24669999999998
TitleAB70M,69.38429999999997
TitleDCD90,62.23070000000001
Title4N8HW,64.74220000000003
TitleF5ZFB,61.60330000000003
TitleJ2AV8,60.77450000000005
TitleF5C7V,66.03820000000005
Title9HEI4,66.30359999999995
TitleV64ZC,67.38740000000003
Title5QX7S,65.51909999999997
Title7D6RK,64.524
TitleA6QC4,61.4995
Title1JMO7,61.67870000000002
TitleFJD5Y,62.10460000000003
Title4J8LW,65.82949999999998
Title5YI5T,63.90239999999998
TitleVNV55,57.15570000000002
TitleCSCQX,65.82670000000002
TitleAZKWI,60.62500000000003
Title1AJ2I,65.42110000000001
Title322DK,64.80909999999999
Title9HAQC,65.5354
TitleRHZ7L,66.76890000000002
Title0CZQQ,68.79569999999995
TitleLVY1J,63.245200000000004
TitleACDIX,62.849700000000006
TitleHQM9M,60.87850000000001
TitleX0MK0,66.46320000000003
TitleV8X3S,67.65779999999998
Title2EZYK,61.6392
TitleHHNNF,66.84479999999996
TitleYOYAO,68.94720000000001
TitleIQ98O,68.94490000000002
TitleIHZ2E,62.544500000000035
TitleZ5J52,60.808499999999995
TitleRGHOI,63.1822
TitleIAGU0,63.41170000000004
Title023FO,68.29120000000003
TitleVXYK8,62.10390000000004
TitleOMDNT,63.077600000000004
TitleCZN3X,61.142000000000024
TitleOY6SX,64.5613
TitleR4ON4,65.27640000000001
TitleWUK8H,66.3132
Title9CMQT,63.59380000000003
TitleW3LFX,65.60950000000001
Title2GITH,64.366
Title19E6A,69.27910000000001
TitleYOECY,64.94220000000001
TitleAZSA4,67.29719999999998
TitlePN4UR,67.80579999999999
TitleY4YQV,63.82330000000002
TitleORBJ6,65.34640000000002
TitleYD7LT,66.0609
Title8SL16,68.7004
TitleXI1UQ,64.9295
TitleL581I,62.77150000000005
TitleH91AX,66.00880000000005
TitleLKVIM,62.019800000000004
TitleWAUBR,65.25180000000003
TitleUHMTR,64.48440000000004
TitleZUF5M,65.1128
TitleJ9J8L,68.69730000000001
TitleDYYCE,65.99510000000004
Title8N7XI,64.16879999999999
TitleAWLB2,65.62060000000002
TitleXXJ1K,59.751500000000014
TitleZF0SP,67.61660000000002
TitleWZ08A,61.67190000000001
TitleRHL71,62.10810000000001
TitleTYKX4,66.40879999999997
TitleD3RDH,63.72489999999998
TitleDXUPU,64.26010000000002
Title5L2C4,63.45699999999999
TitleSBS1A,61.83689999999998
TitleQO1HA,66.50239999999997
TitleF1GCQ,63.24240000000003
TitleN9TKA,65.00839999999998
TitleO08LI,62.86590000000001
TitleKDNOY,63.46729999999999
TitleAIU0F,62.51829999999999
TitleIFVXB,62.61439999999997
TitleT5EG9,62.061799999999984
TitleYOP1K,63.42980000000001
Title2QY9H,66.3737
TitleAEVPT,64.1053
TitleAAW85,66.2027
Title6NA9A,65.98839999999997
TitleY8YY5,61.6824
Title0UG9L,64.89830000000002
Title1ID54,65.72629999999998
TitleSMXVA,66.67189999999998
TitleIZDBA,62.00489999999997
Title975KB,62.270300000000034
TitleECHPD,65.0536
TitleOBCLV,61.07719999999999
Title68J6T,65.31790000000002
Title4S2QY,66.7018
Title5JGSD,68.06050000000005
TitleALTXY,64.3484
TitleCWGFU,62.56130000000001
TitlePHHD0,66.6051
TitleKWFTK,64.13440000000001
Title475DZ,65.88560000000001
TitleMTJM7,66.7885
TitlePF61Z,67.569
TitleBJ2ER,63.652799999999985
Title50LYV,67.27760000000005
TitleH3HUJ,62.3301
Title7IMHP,64.6948
TitleCMKW1,64.44829999999999
Title933SF,67.33829999999999
Title7YS1E,60.899300000000004
Title7EGA7,64.08230000000003
TitleLA7DV,62.885200000000026
TitleDL0DO,68.29070000000003
Title3NZJ5,66.35270000000003
TitleZGOLB,61.02329999999997
TitleLMEVA,65.00460000000002
TitleFP0TV,63.429000000000016
TitleFMIE8,65.8863
TitleJJHXW,68.53619999999998
TitleTVRI1,63.30290000000003
Title3XYTX,65.52030000000002
TitleRE4WS,64.85790000000001
Title3QVNA,66.07480000000001
TitleCUD6G,61.82179999999998
Title1Z5EF,66.6305
TitleEMZJH,65.85999999999999
TitleMIMHZ,64.781
TitleE3N7P,62.90779999999996
Title9CD16,64.44190000000003
TitleDOTV0,68.75870000000003
TitleS7YMO,62.277300000000004
TitleH9SN9,62.24680000000002
TitleYPB2B,66.32820000000002
Title0XTGZ,63.72470000000002
TitleHR7DD,65.27120000000002
TitleCQ4UW,66.23020000000002
TitleZFYTR,64.49759999999998
TitlePW097,58.80610000000001
Title6U3HV,65.2449
TitleB1B6J,67.7308
Title3UAB7,60.982000000000035
TitleY3U4X,65.17410000000001
TitleEXMHJ,64.8674
TitleZSF9E,67.50489999999996
Title6Y3XE,68.84510000000002
Title7QMJP,63.54500000000003
TitleU9T6A,66.1215
Title9WJB9,61.324000000000005
TitleF0ADH,64.8648
TitleL28X4,61.4909
Title09SLQ,62.9991
TitleGLYDJ,64.90290000000002
TitleQIR2V,66.88129999999997
TitleD0VTL,64.08990000000001
TitleT7QID,65.56349999999999
TitleNGUQY,68.38090000000005
TitleG86YF,62.19850000000001
Title23IO7,61.011399999999995
TitleWQVEK,66.93470000000003
TitleQPHUH,61.090200000000024
TitleKP4G1,65.0838
Title5R18L,66.74310000000001
TitleJRGCZ,64.40090000000002
TitleQ9PBW,64.952
TitleROHOK,64.79299999999996
TitleXNCK8,66.38530000000003
TitleP6VI0,67.44409999999998
TitleRV2GZ,64.37980000000002
TitleI0P27,64.5018
TitleMM4KT,63.19159999999997
TitleB9XZ4,66.31500000000001
TitleJBD8E,64.79150000000004
TitleO5VGC,61.95619999999996
TitleX32XH,65.37000000000003
Title1U11U,65.17350000000003
TitleLML3B,60.97090000000005
TitleO00RJ,66.7427
TitleSN96Y,65.9196
TitleKA948,61.395600000000016
TitleCVPNF,65.83199999999997
TitleFWMH1,62.076299999999975
Title2PTU0,65.52990000000004
TitleN7CXE,62.53350000000001
TitleH6PYI,64.85940000000001
Title1WBHS,66.0326
Title9BDFO,65.12400000000001
Title2RE9J,66.71210000000002
TitleO3Q5A,67.98640000000005
TitleDRRFS,64.9123
Title5KQ3S,68.91879999999998
Title48Y85,65.26689999999995
Title59YN5,65.5452
TitleEMYF9,65.60160000000008
TitleC5GU4,61.26450000000002
Title4VATZ,64.2358
Title7NA9H,62.75910000000002
Title92PQJ,64.76450000000003
TitleW302Q,66.34349999999998
TitleD00ZR,63.499199999999995
Title70LI7,66.03970000000002
Title2QB21,62.995999999999995
TitleNUPWA,66.67669999999997
Title5E9TK,64.93339999999996
TitleBQICI,66.69520000000003
TitleMKTT7,63.992899999999985
Title53X6Z,66.40519999999997
TitleT3R1J,63.97900000000001
TitleQ3FS0,63.18030000000001
TitleURBH7,63.741600000000005
TitleJLPX0,61.231599999999986
TitleSM0HS,65.72899999999994
TitleJ2GWX,67.29259999999998
TitleNAF56,65.0699
TitleY5HE7,66.75570000000002
TitleBJ7S9,66.49569999999999
TitleG2N7R,66.88300000000005
TitleOFK5C,67.33600000000003
TitleII03Y,67.6752
Title0K217,62.86379999999994
Title0K59O,67.19830000000003
Title8NITG,63.39609999999999
TitleKVY3W,64.04089999999998
Title6CDRU,67.13430000000002
TitleCER71,66.24650000000001
TitleSVC9G,64.03450000000002
Title33K91,65.23400000000002
TitleTZXYI,65.24969999999998
TitleU5X9V,62.510700000000014
TitleGVZWF,64.056
TitleDMING,66.95079999999999
TitleKLOX9,64.2345
TitleFR2ZC,69.97680000000004
TitleN3TYW,69.70959999999998
TitleVS1Y6,66.62480000000002
TitleHJOH7,68.17440000000002
TitleD9TXZ,67.07619999999999
Title9EPDE,66.25319999999999
TitleRKYAC,67.75060000000002
TitleLMZ1H,65.38620000000003
TitleLDSLR,63.29550000000001
TitleBMT80,66.30820000000001
Title5E40D,66.83099999999999
TitleDVNA5,65.8431
TitleH21KX,63.2312
Title6EWP1,63.285299999999985
Title0FQTT,66.766
Title3QXI9,62.48670000000003
TitleVEJGJ,64.2762
Title982EA,69.82600000000001
Title00Z6Y,65.67410000000001
TitleRJK37,63.40629999999996
Title7M9YB,63.93599999999999
TitleX21QG,61.396900000000024
TitleP1LW9,68.00480000000002
TitleWH5JN,60.51479999999999
TitleMDJBN,63.082400000000014
Title0AM7W,64.03399999999999
TitleON9VQ,68.89840000000002
Title1M5HJ,64.72540000000002
TitleGAIPV,64.77040000000002
TitlePU8YK,62.320699999999995
TitleT48HB,67.32270000000003
TitleRFQM2,64.93910000000001
TitleSYGAW,62.83680000000002
TitleBH0VD,68.0555
TitleWF5UF,65.27650000000003
TitleG4KL3,67.87429999999999
Title88KT3,64.23200000000001
Title0YJOF,66.84680000000002
Title44M2Y,67.88530000000006
Title2SQHX,68.79580000000001
TitleNBDFJ,64.85099999999998
TitleE01MZ,65.10360000000003
TitleDO9SK,61.934
TitleYYTTB,65.03289999999998
TitleUO38W,65.85009999999998
TitleCB4WC,65.19880000000003
TitleCY39N,66.0994
Title4T9TO,64.5351
Title8POD5,63.46890000000001
TitleHK0BF,63.461499999999994
TitleDNSAF,65.5504
TitleYGX7S,62.87250000000002
TitleH0QO0,66.84760000000001
TitleA8V1T,69.92960000000002
TitleWKEZP,68.55250000000004
Title6DUW5,65.13410000000003
TitleNC7PU,65.66149999999998
Title8PB1R,64.57829999999998
TitleTIE51,62.74830000000001
TitleY8A1C,64.03860000000002
Title6K5J4,65.57520000000001
TitleNB01M,63.806899999999985
TitleNJJ4A,61.557499999999976
TitleYB0J7,62.279000000000025
TitleXOHHA,62.101300000000016
TitleZVMQ2,63.0717
Title0SZNQ,63.76429999999998
TitleRQ0LY,64.21319999999997
Title8F271,60.298899999999996
TitleXQ1VJ,62.53360000000001
TitleRY9PW,64.9607
TitleD2PQJ,65.32409999999999
TitleW5UO5,64.1428
TitleOXCQI,63.202300000000015
Title5FVH9,66.9699
TitleDAP2Q,66.34160000000003
Title8UT4U,66.4792
TitleZ57ZP,65.22779999999999
TitlePL2LF,62.313399999999994
TitleS6JJC,63.58479999999998
TitleM4TAB,65.35449999999997
Title1RN6T,64.59600000000002
TitleI86XF,62.620200000000025
TitleTYSUA,66.2598
TitleUG3QH,66.56100000000002
TitleI4O1J,67.7349
Title7NIO5,66.27610000000001
TitleZ3MF1,65.3207
TitleX3IV6,65.74940000000001
TitleNOCNZ,64.61320000000002
TitlePCY3C,63.33540000000002
TitleKZ7TL,65.3444
TitleH5282,64.645
TitleDPKCW,64.32579999999996
TitleQHFL7,65.13279999999999
TitleVI5LB,62.959299999999956
TitleMH112,64.18880000000004
TitleLKN5K,67.83759999999998
TitleIJ2I5,62.865300000000005
Title0ZLP6,65.91439999999997
Title0K4PP,64.6881
Title44ZW0,66.90270000000001
TitleP610W,67.85570000000001
TitleBN2FZ,63.414899999999996
TitleIAZXQ,64.7493
Title2N7I0,63.612600000000036
TitleEWZ0I,63.73600000000004
TitleW6T9C,66.50900000000003
Title2XNIX,65.08320000000005
TitleHMFD3,65.64650000000002
Title72UTS,61.29079999999998
TitleG78PL,64.8058
TitleAF256,64.2133
TitleDPNW9,65.4481
Title41L4W,63.24609999999998
TitleLICVD,66.9286
TitleN44AZ,64.76150000000001
TitleDRALY,63.95969999999999
TitleDMT11,63.6532
Title4ATTT,65.77845
TitleLE5PR,62.01489999999999
Title50PKJ,63.78400000000004
Title6XUBF,63.19140000000003
TitleNISFK,66.68609999999997
TitleB0IUQ,63.74109999999999
Title5TADF,63.9075
TitleFR37S,61.652499999999975
Title089DL,65.57189999999997
TitleP66TX,64.71110000000003
TitleACX2I,68.7966
TitleGIA9P,64.63750000000002
Title797F9,65.17579999999997
TitleAX69B,66.10220000000002
Title7GLBO,65.10790000000001
Title1CMC4,67.45229999999998
Title9T7UA,65.17149999999998
TitleMGDXO,67.33819999999999
TitleZD3D5,68.87240000000001
Title1H9P5,64.78720000000001
TitleW2581,63.49800000000001
TitleF698Q,63.80480000000001
TitleUPPES,62.60140000000002
Title7RFRU,66.05420000000002
Title47TZG,62.63490000000001
TitleGDWO6,62.38490000000001
TitleCP8LA,66.84130000000002
TitleQ6OK6,59.32879999999998
TitleHH40S,64.64700000000002
Title7U4FB,61.6914
TitleZNY1X,64.6656
TitleFOX2L,65.59870000000002
TitleBV2OI,62.09629999999997
Title6FDM3,68.62599999999999
TitleW9RRC,62.30869999999999
TitleQVDQ6,67.38139999999997
Title7AJXS,63.25490000000003
TitlePRD8L,66.25290000000003
TitleU6LVE,64.9434
TitleQ94KP,64.82400000000001
TitleG7EA3,65.34190000000001
Title23V3R,59.63779999999999
TitleWH83M,60.7197
TitleZT7IS,63.37780000000002
TitleE4LN6,65.75779999999999
TitleI1NZN,61.826000000000015
TitlePYUSE,69.31540000000001
TitleN43XI,65.41500000000002
TitleRMEXM,67.84080000000004
TitleMFQKI,62.05330000000003
TitleWD36X,66.72730000000006
TitleL6DQ8,66.29199999999999
TitleW8S9B,62.47829999999997
Title7QAV0,64.39660000000002
Title1BNP4,63.00889999999998
TitleW7NTM,65.71310000000003
Title7VCYO,65.73830000000002
TitleORDFV,65.88759999999998
TitleOTAI0,61.0784
TitleGWTKF,68.18939999999999
Title6IWVE,63.71330000000001
Title6037P,62.28959999999999
Title49OUK,62.77289999999997
Title6QU1Q,65.17439999999999
TitleG8NXX,64.41129999999997
TitleHGNI5,65.12339999999999
TitleI15H7,62.68010000000001
TitleYTG6A,67.76670000000001
TitleZSJC8,66.16570000000002
Title3ZGDR,62.56500000000003
TitleR6M7G,65.68579999999999
TitleTUZMT,66.20110000000001
TitleHKIY4,61.981300000000026
TitleAV8ZD,66.69949999999997
TitleK1ZJK,66.7819
TitleMAEQD,66.55149999999999
TitleVPKN4,64.33310000000004
Title2IRBG,66.8221
TitleB5F4T,63.606100000000005
TitleZ9EFX,64.4101
Title6ZEKF,63.369300000000045
Title07DWS,65.3303
TitleU4JDP,66.80749999999999
Title6SHHD,61.3493
TitleHBWI9,63.1342
TitleGAIRZ,68.68650000000007
TitleIG32W,63.33909999999998
Title12SLE,62.924800000000005
TitlePGD0X,63.64960000000002
Title05KWT,67.88249999999998
TitleCVXCO,62.778099999999974
Title6N8EC,64.91510000000001
TitleIFI2W,62.86989999999999
TitleRNZAN,63.61850000000002
TitleSTP0N,63.735400000000006
Title353HB,66.29120000000002
Title6E9CF,65.93530000000003
TitleR3L72,64.25280000000004
TitleD2CSJ,66.91289999999998
TitleW9RDL,64.80420000000004
TitleR205P,63.60470000000004
TitleCT4IC,64.17870000000003
TitlePGH8X,66.0043
TitleDM68Z,67.8431
Title29DVL,61.72940000000003
TitleS90MD,67.33370000000001
Title2MII0,61.74449999999999
TitleUNRSP,63.808200000000014
TitleN3WKB,64.73849999999999
TitleV2E67,67.18629999999999
TitleFKWIR,65.3208
TitleIK899,68.30240000000002
TitleV2CTC,62.82289999999999
Title34J4I,63.604299999999974
TitleUVKGI,67.46479999999998
Title92X93,64.01169999999998
Title5YS9U,62.882400000000004
TitleYVIJW,67.3791
TitleF7578,65.27650000000003
TitleUH8ZZ,67.34509999999997
TitleIWBQZ,67.1342
TitleWYPBG,64.37530000000002
TitleJMIYB,67.6298
TitleXU1HX,65.78950000000003
TitleC3Z5W,67.13530000000002
TitleETMER,63.63039999999995
TitleHSBKJ,64.48929999999999
TitleYIQZ2,65.82319999999999
TitleW1ON9,65.04889999999999
TitleLP7PK,58.818400000000004
Title8VA0E,69.77250000000002
TitleBAWPB,66.32919999999999
TitlePQ1LB,65.33230000000002
Title9BRV6,62.15670000000001
TitleJUKA7,62.41590000000003
TitleQ65CJ,63.221599999999995
TitleBOJWQ,61.40349999999996
TitleU7RSC,65.37319999999995
TitleOWURI,65.45420000000001
TitleOE6AS,66.31039999999999
TitleMBBS1,64.92490000000001
TitleM1HKD,63.03550000000002
TitleGAVCJ,68.84059999999998
TitleE21NV,65.81600000000002
TitleEN056,62.126600000000025
TitleQRXCS,63.43790000000002
TitlePZTC6,65.70319999999998
Title5Y5W3,63.65930000000001
Title4CYVQ,66.81740000000002
TitleB6BI2,65.6808
TitleW4TC6,64.48330000000003
TitleWIETD,64.5892
TitleSKV0E,65.54240000000003
Title20EBE,69.15280000000001
Title6EPNM,64.5669
TitleWM5AJ,64.2362
TitleD41S4,65.669
TitleZOR84,63.86970000000003
TitleEABKA,65.3018
TitleZLB8C,65.50229999999999
Title7R8KZ,66.229
TitleH8FIQ,65.71230000000003
TitleMKIM4,61.3539
TitleQM62M,65.8845
TitleEKK3G,65.18710000000002
TitleY22DA,62.81190000000003
TitleMKO4Z,62.50590000000001
TitleDCVTS,64.36219999999999
TitleCEYQC,63.95279999999998
TitleCDBOX,67.95390000000003
TitleEORA1,69.36429999999999
Title2BAIR,66.08180000000002
TitleT1XSZ,65.7779
TitleHPQPB,66.85790000000001
Title876D6,69.0324
TitleFL87W,67.79639999999999
TitleJFW2L,66.27040000000002
Title6ETEZ,65.07479999999998
TitleH1E78,65.41939999999998
TitleQYOJJ,67.06940000000003
TitleQL8HE,63.21990000000003
TitleZT3Q8,64.34440000000002
TitleTZWKL,67.16370000000002
Title7M6WY,63.13520000000003
TitleYM8T9,64.48880000000001
Title785GK,63.72040000000002
Title5N8TI,66.7403
TitleUH7N5,66.18790000000001
TitleGG5O3,67.44210000000005
TitleKVU1H,61.5069
TitleWK7OQ,68.74170000000002
TitleQ8GET,63.608300000000035
Title6QMQ2,63.43180000000001
TitleZRLPI,62.800399999999975
TitleHQOJX,66.2137
TitleBWVPD,66.16480000000003
TitleBCHD2,64.2821
Title64G3U,62.72199999999999
TitleW2FJH,66.32940000000004
TitleVC0G9,63.28490000000001
TitleP5UAW,65.1453
TitleNZ29W,68.96200000000002
TitleJKOIP,64.32480000000004
TitleJW57A,70.3046
TitleM9PH0,68.01580000000003
Title0KKRY,67.34520000000002
TitleCVUZS,62.74600000000002
Title6MQXH,62.65029999999998
Title63N52,68.77479999999998
Title9R4QJ,66.58749999999998
TitleTQAG6,63.22860000000002
Title4DYBD,65.1242
Title0DGLT,67.03020000000002
TitleEDT5D,70.34680000000004
Title89EJJ,65.18090000000001
TitleQRHV4,66.77720000000002
TitleTL8TV,66.46670000000002
TitleJ5XQU,66.77430000000001
TitleXELRZ,66.65620000000001
Title65YIV,66.62060000000001
TitleZ56L4,67.01670000000003
TitleWJU2L,65.71790000000004
TitleSQI25,66.4545
TitleCWV72,61.47900000000001
TitleHV0G3,64.71440000000001
TitleEWB0E,65.46330000000003
TitleG09TB,67.82700000000003
TitleSXKMN,63.66710000000003
TitleK6ZPA,66.31110000000002
TitleGE5XP,66.65259999999998
TitleYBVTC,63.34749999999996
Title26GJJ,64.71780000000003
TitleC8QVY,62.543899999999965
Title373LX,63.0508
Title4BQM0,66.48310000000001
TitleKIH6U,62.54200000000001
TitleYNDC7,65.63680000000002
TitleV26B8,67.46970000000002
TitleT7E70,64.45330000000001
TitleBTM08,66.25919999999999
TitleED1WD,66.72739999999997
TitleCTHSR,66.52530000000003
TitleJYFJB,65.7109
TitleIK2Y3,64.15290000000003
TitleAP6X5,66.26950000000001
TitleIMIXB,64.70029999999998
Title8AEMM,64.83089999999997
TitleH9JV2,64.46109999999999
TitleZRT1P,63.809500000000014
Title58T6W,66.33190000000005
TitleOSF13,66.66879999999998
TitleKCU06,66.01069999999997
TitleXY39W,60.613
TitleFJW2F,62.64719999999999
TitleYE2BG,66.71750000000003
Title29M36,66.63510000000001
TitleH04BX,66.7749
TitleLZ8O6,62.45299999999998
Title7UF4N,67.2686
Title4PV8C,65.18969999999996
TitleN08R7,66.65780000000004
TitleTND66,67.8437
TitleQIO3U,64.34590000000001
Title3PDJ0,65.27530000000002
TitleEVNEJ,64.26329999999999
Title0JXLB,66.594
TitleSST1A,68.50349999999999
TitleW4RI9,62.037400000000034
TitleUCX3N,69.09119999999999
TitleEA9MG,67.75740000000002
TitleCNW0A,67.8541
TitleRE4FM,64.35230000000001
Title2N282,62.869799999999984
TitleVR7UT,66.57009999999998
TitleUWZIY,66.85960000000004
Title3A64B,64.74659999999999
TitleRBCFJ,66.44260000000001
TitleNYTFH,66.72660000000002
TitleBGRFC,65.78450000000002
TitleWWJ6X,65.86340000000001
TitleNK350,65.8377
Title1N1II,65.84389999999999
TitleM1UE9,66.42940000000002
TitleHYQT7,65.90249999999999
TitleG814W,67.34750000000001
TitleB0PMY,62.4193
TitleBBUFI,65.8483
TitleG5VSK,62.17490000000001
Title5RUV3,65.49230000000003
TitleSEV42,70.50129999999996
Title438K1,64.0964
TitleUZ3DI,64.77780000000001
TitleHT479,63.3551
TitleKBBTU,65.24869999999999
TitleEV9GF,62.966400000000014
TitleKRMRZ,67.81700000000002
TitleBB3E1,63.02859999999997
TitleC6G9C,66.55670000000002
TitleVBED8,63.06320000000001
TitleBICN0,63.835100000000054
TitleIOVVV,63.51540000000003
TitleQRU5M,62.308899999999994
TitleL5J9W,62.125299999999996
TitleKAYDU,64.59649999999998
TitleS74OE,65.46840000000002
Title7X8D0,64.48420000000004
Title4TXOJ,63.395300000000034
TitleAI24X,66.92299999999999
Title7WRG6,66.37329999999996
Title2BHH1,65.32840000000003
Title5Q95N,61.7095
Title31YAI,63.830900000000035
TitleJ2D0S,65.0326
TitleATXPL,64.87930000000001
TitleT46RS,65.62610000000001
TitleX7JJE,64.13829999999997
TitleS1BAY,64.69870000000003
TitleAELWU,68.29889999999999
TitleSYDI4,66.21580000000002
TitleQVPSC,63.818300000000036
TitleQSNGK,65.98039999999999
TitleJZOKZ,65.46370000000005
TitleDJ0MS,66.29110000000006
TitleMTTRN,64.80099999999999
Title8E50X,67.01290000000006
Title1EW9T,63.289800000000035
TitleUQVUM,65.45090000000003
TitleWVYG8,66.9533
TitleHTUKM,66.89470000000001
TitleIYOUQ,63.12219999999999
Title11T9M,64.43700000000005
TitleBSUA5,65.71740000000004
Title1QXPN,66.54469999999999
Title1NYOF,64.7835
TitleIHHFR,63.49919999999997
TitleQYFNT,65.40669999999999
TitleVH335,63.31130000000003
Title1PTQJ,60.13070000000002
TitleQEZ5P,63.31270000000005
TitleCVH6V,64.77180000000001
TitleTC6OH,65.16709999999998
Title6R7VX,66.13289999999998
TitleMYCRA,65.14170000000001
TitleITC20,62.673
TitleCY245,66.64550000000003
TitleO09DL,64.30879999999999
TitleZQGIB,66.64849999999997
TitleJS6ZB,69.05260000000004
Title0GRHA,65.23310000000001
TitleGQJU7,63.2571
Title3XO7D,66.69140000000002
TitleKZCMH,61.12849999999996
TitleUDKQ1,63.230300000000035
TitleIPVDH,62.79030000000003
TitlePF3W3,63.42
TitleCLRD7,64.6511
Title8UJDQ,64.1176
Title5DNSM,63.345299999999995
TitleO56F5,66.53580000000002
Title2K05N,67.4668
TitleHQL6Q,64.1029
TitlePOL75,66.6322
TitleH149Z,62.3247
TitleGPKAD,63.743300000000005
Title7QHF1,67.24610000000001
TitleK52R1,67.1808
TitleGBD4N,69.34250000000002
TitleUWIF4,68.84260000000003
TitleK650G,66.39700000000002
Title2J3RP,64.76030000000004
TitleFM63F,62.605299999999986
Title2H7IY,67.29800000000002
Title1LVHT,61.332300000000025
TitleD9415,67.13320000000002
TitleI4YA3,60.938200000000016
TitleZGBPH,66.7457
TitleEX9NJ,68.3227
TitleGADOR,63.6818
TitleA63P3,65.19529999999995
Title45VUD,64.25270000000003
Title5NV8S,64.46180000000001
Title3V1YD,64.8198
TitleSALYL,66.46480000000001
TitleGFAC5,62.68490000000001
Title089HE,62.967400000000055
TitleDL9GJ,65.98450000000001
TitleUHTM4,67.35030000000002
TitleT6597,67.93980000000002
Title4JXJP,65.07810000000002
Title10CGL,65.14800000000001
TitleR230U,63.3996
Title0XBLE,68.41670000000002
TitleRTKQ1,62.88269999999998
TitleCB5C1,64.15339999999998
TitleIG6QE,64.69180000000003
Title3Q3HJ,64.9766
TitleVC5GO,64.5867
Title9MRRH,67.21019999999999
Title6KYB0,66.3483
TitleNPO27,63.726800000000004
Title2L8OW,65.8352
Title5UTR7,61.016100000000016
TitleDXK1W,63.110199999999985
TitleOLE7C,65.74520000000001
TitleXL6Z6,66.14330000000001
TitleCAA9S,67.04259999999998
TitleS1Y5O,61.56330000000003
TitleXMATD,66.75379999999997
TitleKWA72,66.75780000000003
TitleENUVN,64.67409999999997
TitleBW1EW,66.03569999999999
TitleHQ967,66.46829999999999
TitleVGANC,66.85640000000002
TitleOTR0Z,65.72420000000005
TitleS7HU7,66.06659999999998
TitleNQJH0,67.65590000000002
Title8HXM3,60.95080000000004
Title61N9H,67.0591
Title8FDTI,66.87030000000003
Title3FCY5,62.78430000000003
TitleOLVPE,65.43980000000002
TitleWFDXU,65.78030000000001
Title0YDK4,64.3185
TitleBM1J1,63.416500000000006
Title4NNTJ,64.94640000000003
TitleLN5S1,61.475500000000004
TitleD2ASQ,64.83100000000002
TitleA5VUC,68.16310000000003
TitleZ9MGC,66.1116
TitleU5YAN,63.84540000000002
TitleLEEH4,62.117300000000014
Title3DN74,67.48679999999997
TitleB4YP4,63.904800000000016
TitleTH53P,63.37239999999999
Title0RM9L,63.114900000000006
TitleGRMFX,63.60569999999998
TitleU4J6Y,62.10739999999998
TitleHKMEL,68.8322
TitleSHH1C,66.17
TitleKEFUI,67.06110000000001
TitleWMLN5,65.3319
TitleOMMTU,62.62679999999998
Title2Q1A9,69.34579999999998
TitleMJDL6,61.02109999999999
TitleILV1L,62.032800000000016
TitleQMD0X,62.42919999999998
TitleQ9EJZ,61.0198
Title3G91J,65.33400000000006
Title7CL9L,63.96009999999994
Title4RL5S,65.32689999999998
TitleRBS9E,68.69210000000001
TitleA05R3,63.03140000000001
Title22SSR,61.854799999999976
Title80TYK,63.59560000000002
TitleA40GC,66.23150000000005
TitleIRIEQ,66.26249999999999
Title8NPO9,63.759300000000025
TitleJZ2NF,66.39540000000005
TitleSLJPK,62.91840000000003
TitleNH5I5,63.51250000000004
Title7O3R2,65.58730000000003
TitleBIYMP,66.4332
TitleVZIP5,61.80429999999999
TitleG7BX1,59.05609999999998
TitleO6Z5U,67.9051
TitleWOXPP,64.6504
Title1S5QW,67.28800000000003
TitleXFWI1,65.16979999999997
TitleK6XN7,63.15089999999999
TitleJNMG2,64.29489999999998
Title4YBEE,64.29280000000001
TitleBPK6B,61.946400000000004
Title690RK,62.331799999999966
TitleZNXDK,65.4169
TitleQPIVB,69.07429999999998
TitleD4B9D,63.681799999999996
TitleIUTZC,67.75140000000002
TitleDXXBE,67.4981
TitleXEU8K,62.502199999999995
Title435A8,64.7389
TitleEMEG7,68.8089
TitleIOC2Z,62.72569999999998
TitleQOEH4,66.9008
TitleI6R8T,64.2863
TitleLWAMH,67.98260000000003
TitleVQIJP,65.84610000000004
TitleQJVOB,63.63739999999997
TitleJTUG8,64.20459999999999
TitlePCJK5,61.7598
TitleW6NUX,68.71970000000005
TitleH0MK9,64.50439999999998
TitleCITBB,64.93389999999998
Title3TTX6,63.38700000000004
TitleSNG6L,66.50180000000005
Title9QPAT,65.7726
TitleJE4ED,66.46830000000001
TitleMONPH,63.64130000000004
TitleUHCL9,63.89980000000005
TitleT5N6V,60.275699999999986
TitleL9VTS,65.45630000000004
TitleITQGT,68.6634
TitleYDA9K,64.52400000000006
TitleVV5L7,66.98029999999999
TitleZOQA6,63.687499999999964
Title0R5AG,69.87130000000005
Title1NE07,66.3578
TitleHQ1DR,66.61249999999997
TitleV70ZI,64.252
TitleMT4BN,68.09389999999998
TitleGAVYD,63.260799999999996
TitleVZFNB,65.26759999999999
TitlePCTNX,65.1295
TitleV6H0Y,65.4659
Title2EI06,67.52019999999999
Title1U117,59.727899999999984
TitleXIDEN,67.59110000000004
TitleF8RSB,66.30799999999999
TitleS8K8L,67.035
TitleB8JEX,66.01770000000005
TitleRXSOT,64.0553
TitleJK7I2,61.532300000000035
Title44YUQ,66.12809999999998
TitleD53TZ,60.82829999999999
TitlePJHNR,65.81909999999999
TitleEOHQM,64.57789999999996
TitleI1NT0,67.20609999999999
TitleP3NUG,64.21840000000003
TitleUQFC9,68.10729999999997
TitleAMI78,65.28680000000004
TitlePFTQR,66.82609999999995
TitleR3I65,66.13560000000001
TitleUQKH9,65.37240000000004
TitleCR7TX,65.1759
TitleGNZ9A,65.2083
TitleC7BSE,66.77609999999999
TitleSF3JL,66.60140000000004
TitleXX9NB,61.16440000000001
TitleR662H,66.62860000000002
TitleTE3RE,67.18630000000003
Title6U3L5,64.04870000000001
TitleXXWWU,68.69210000000002
TitleY7CAH,62.357300000000016
Title2ENFB,65.5109
TitleH7AWM,65.55770000000001
TitleGSR96,67.12190000000001
TitleA974Y,67.81219999999999
TitleKRD9S,67.65960000000003
TitleIC1XX,62.44900000000003
TitleHF4BN,65.94429999999998
TitleSKPGV,63.65860000000001
TitleN8ORD,67.2621
TitleRULS9,62.2433
TitleX989N,63.232899999999994
TitleLCQ2F,62.47650000000001
TitleODWHI,66.54810000000002
TitleWMB1Z,62.70289999999999
TitleIAMBX,65.26449999999997
TitleMW5XJ,63.993300000000026
TitleUFI52,69.32570000000003
TitleYNEJ5,62.105800000000045
TitleTHPVI,66.40480000000001
TitleXKJI4,67.05380000000005
Title4FAJZ,67.56400000000002
TitleL1LU4,67.76210000000002
TitleT3T7L,62.6768
Title9PWUT,64.65990000000002
TitleGPI1Y,61.727799999999995
TitleJGSGL,64.80699999999999
TitleJTFJF,62.599900000000005
TitleQAY87,64.40590000000002
TitleVZQ1Z,65.52690000000001
TitleBJVZH,66.12980000000002
TitleWGVF6,66.61580000000002
Title84262,64.76910000000004
TitleS708T,62.15730000000001
Title5Y3QW,67.48190000000001
TitleGJ5D5,65.16479999999997
TitleG472T,62.04909999999996
TitleJT36Q,64.0232
TitleGR2WP,67.465
Title5FQID,64.22710000000002
Title2D482,63.48919999999999
TitleN5G1W,64.51210000000002
TitleVQ2HA,66.3009
TitleU5Q5B,65.58800000000001
TitleL6V9A,66.34040000000003
Title2R8VU,66.49430000000004
Title7HCNJ,66.7346
TitleCD5YZ,64.00479999999997
Title8OKXL,63.203299999999984
TitleHFQT8,65.14349999999996
